2.109361642075011090e-01,1.888834892463787107e-01,4.973264443097889786e-03,-2.781487813212281737e-02,6.815932059382862063e-02,-3.782596540809508162e-02,-2.714349497499987836e-03,2.795347458175233557e-01,-2.538330564619192820e-01,2.630641100606103677e-01,6.295637839920646683e-02
2.112497316823468141e-01,1.979847712076354682e-01,-5.629607689357191136e-03,-3.250971934623300003e-02,6.228297018345874125e-02,-4.644917579480256631e-02,-1.809450823261037761e-02,2.801147840464744410e-01,-2.355457436760092782e-01,2.676512546984114449e-01,5.790560610474695252e-02
2.074118897388972371e-01,1.749613233109238997e-01,-1.767647126757226905e-03,-1.261241437851710889e-02,5.606549222267357552e-02,-4.973555046909419741e-02,4.421433329451155553e-02,2.845834167022018302e-01,-2.420415246545005450e-01,2.513085429316306296e-01,4.483896213040515499e-02
2.084769071542487695e-01,1.840744307673881641e-01,-3.969205666637110053e-04,-2.608521300916752383e-02,6.671609863531212381e-02,-5.035773790386785520e-02,4.929226811973526703e-03,2.830752792751130009e-01,-2.464807533195931544e-01,2.554302906209321433e-01,5.331762281638639106e-02
2.200359961357079563e-01,2.071381763346205052e-01,-2.458422159827456516e-02,-2.136226955235189656e-02,3.145644638094094447e-02,-5.423111339532810105e-02,2.982951758246032981e-02,2.771862353532728029e-01,-2.066639398168949315e-01,2.771245791706197226e-01,2.239141867485508822e-02
2.212784347652376749e-01,2.121954852029326599e-01,-2.483778996208915735e-02,-2.701371176442671912e-02,3.646574311675777891e-02,-5.508078560257734235e-02,1.224660042915448437e-02,2.764215589998442191e-01,-2.090074502720755401e-01,2.787292827253405880e-01,2.482996218964691679e-02
1.963944374740183296e-01,1.525746161686122593e-01,1.623833126980591887e-02,-2.786716673610949851e-03,8.382386220058149484e-02,-3.573615911958356872e-02,5.896040114110923797e-02,2.899232722014493668e-01,-2.812846266472145973e-01,2.261445472057707629e-01,6.613570223077500088e-02
1.967980347283584397e-01,1.553349947276010945e-01,1.748582708684765646e-02,-6.256127721568728595e-03,8.752898359461519506e-02,-3.591304360620716646e-02,4.839912245526628576e-02,2.889907080397126071e-01,-2.849496513234728856e-01,2.266371114772410544e-01,6.868521363210380870e-02
1.957977903199113745e-01,1.533152217444931353e-01,2.208167038488750150e-02,-6.704238758887856586e-03,9.472458287094273621e-02,-3.316603844762250342e-02,4.461189119658520719e-02,2.887858361865717760e-01,-2.921982541346064277e-01,2.257150886261719835e-01,7.437233983541663429e-02
2.109899348939658636e-01,1.836021932753120200e-01,-9.366261770572302872e-04,-2.268836030597079501e-02,5.752461842138954090e-02,-4.745945354088998425e-02,2.554789105128431326e-02,2.776077495439553955e-01,-2.470079126532957747e-01,2.624362364940313608e-01,5.429267888543241882e-02
2.209994917506025724e-01,1.792084365305854077e-01,2.118747796830953468e-03,-1.988606685711865121e-02,6.525423305636590676e-02,-3.775102197845050384e-02,3.684085787223135428e-02,2.796852742268838288e-01,-2.561760909525479524e-01,2.614470711782856394e-01,5.213807780119879276e-02
2.229489312077632124e-01,1.855473678072350197e-01,-2.331687165384236510e-03,-2.114538090611213506e-02,6.474210530596438695e-02,-3.928725268065585280e-02,2.591256979777472116e-02,2.806311446359022188e-01,-2.484048285305891224e-01,2.639683859249396525e-01,5.047567115781514263e-02
2.214264133638805254e-01,1.851886152848583600e-01,5.044575286746852752e-03,-2.667713688726196936e-02,7.583069441727947890e-02,-3.775699089904338557e-02,8.568025160662590817e-03,2.788713459899186953e-01,-2.616213425298511974e-01,2.628272141266323469e-01,5.879577509764993826e-02
2.172739419625868695e-01,1.793663298171455922e-01,6.032938665424864358e-03,-1.970153365750982807e-02,7.337404136336429794e-02,-3.489707925946702177e-02,2.632821928922512988e-02,2.852078719682989427e-01,-2.669127292747800473e-01,2.506755110930652952e-01,5.863930772742863978e-02
2.154785689498509571e-01,1.804859647121349608e-01,7.421517869000070558e-03,-2.186550393411913068e-02,7.615499323190540182e-02,-3.618867977554751647e-02,1.650623643951116756e-02,2.856990305905833250e-01,-2.673371128936667396e-01,2.503915156751962412e-01,6.107102676518825352e-02
2.106097558807232262e-01,1.661067817187655560e-01,1.855948428079134266e-02,-1.723846074078195373e-02,9.097236804859892834e-02,-2.967823362349996871e-02,2.475449860144576450e-02,2.865278287549921643e-01,-2.901245751263099582e-01,2.351796244327912788e-01,7.680430986774777757e-02
2.094145415142849298e-01,1.698063338615043438e-01,1.970608011772007756e-02,-2.286501511065091446e-02,9.772020563605443577e-02,-3.156388512468545626e-02,5.037890155057530781e-03,2.857608251294617152e-01,-2.925128123741021491e-01,2.362299854280816569e-01,8.311437932073310886e-02
2.027753957372961935e-01,1.543065693939632832e-01,3.330796674730493456e-02,-1.175379670590924810e-02,1.048064727839896210e-01,-2.014505134366204736e-02,4.163579623817335873e-02,2.874227738546779598e-01,-3.137262320902967638e-01,2.239644794301804687e-01,8.889594127623848263e-02
2.026908060435153591e-01,1.555853107274767222e-01,3.232857730903378191e-02,-1.328042836339373561e-02,1.079073155682143542e-01,-2.121792002051609699e-02,3.493795101346586912e-02,2.869417044671757067e-01,-3.136419620398442354e-01,2.238167446157892648e-01,8.974627733435802668e-02
2.017221254199281499e-01,1.592241458382125940e-01,3.514573154777677483e-02,-1.762463903833028783e-02,1.162235925459848829e-01,-2.211307008363812276e-02,1.998999123433936251e-02,2.849109936039522784e-01,-3.193646468381897141e-01,2.246789312820522133e-01,9.540862549036140117e-02
2.285547040189679358e-01,2.373363808898307226e-01,1.933628319954834585e-02,-4.182238677965700868e-02,6.048575329031975062e-02,-1.245008147119599368e-02,1.304472830886332577e-02,2.454300581643727996e-01,-2.649439919580173219e-01,3.116222008349012196e-01,5.794134619983618700e-02
2.280356891074812042e-01,2.398125895385301021e-01,1.998054421231363828e-02,-4.586779063042390608e-02,6.590593062502572708e-02,-1.324280805473907613e-02,1.618207606748165578e-03,2.428296061436884257e-01,-2.670120067612163917e-01,3.128804845878642160e-01,6.037751982490367764e-02
2.207591450206489170e-01,2.084056362186507416e-01,3.890506468150696506e-02,-3.084217017433931590e-02,7.837893921020488985e-02,-2.322544008386009939e-03,3.874345401307535686e-02,2.534290179043230951e-01,-2.947307006382818284e-01,2.876665501888441279e-01,7.940453503119750123e-02
2.208853114267532447e-01,2.109581751744686873e-01,4.046364081268952195e-02,-3.320335385474226797e-02,8.231161359747755923e-02,-2.091858297049553617e-03,2.799291814704961412e-02,2.530308202304884513e-01,-2.965505685171821448e-01,2.883940773711886618e-01,8.198828049063226764e-02
1.953596920848757468e-01,1.572998383847424020e-01,3.117993258234304926e-02,-1.336609856384952076e-02,1.010756835683523230e-01,-2.431086315883456556e-02,4.093419438500918439e-02,2.848270629320175384e-01,-3.138534635726613065e-01,2.217776155098667434e-01,9.279550685473432481e-02
1.939835770852642860e-01,1.610343387884872191e-01,3.519486116879817772e-02,-1.901583540187122556e-02,1.116405080827980734e-01,-2.515752195672785185e-02,1.503219702905964766e-02,2.846290619103050701e-01,-3.198677020096411527e-01,2.219833000742961748e-01,1.019445607818793287e-01
2.015369029966531667e-01,1.624829784652678244e-01,2.193404214420737949e-02,-2.155367400866824851e-02,9.041772477160571475e-02,-3.433237201612832079e-02,3.002304947027224780e-02,2.791386803738382660e-01,-3.002025501967374166e-01,2.380215437099279796e-01,8.251847209040673314e-02
2.007636756883109386e-01,1.640928742998658540e-01,2.137502477418375818e-02,-2.299512625495576598e-02,9.408884822353087707e-02,-3.492737357873638288e-02,1.879516747498159723e-02,2.801668202281580311e-01,-2.967139614495723499e-01,2.385939431331783045e-01,8.405025045646445647e-02
2.002622817057379268e-01,1.672940523104077259e-01,2.118914023550412182e-02,-2.661605108925518826e-02,9.799822753374562434e-02,-3.751775560477214888e-02,6.332047439421867319e-03,2.791983400212523225e-01,-2.974084607525118717e-01,2.397313769472492195e-01,8.643295932105186929e-02
1.968578850710367978e-01,1.721978593201043406e-01,2.414078578580908241e-02,-1.246157232026377966e-02,9.670589504553271654e-02,-3.041764005165642840e-02,1.374321528289300896e-02,2.876570839448876482e-01,-2.892580523444513996e-01,2.362657083840642436e-01,8.310262362933187874e-02
2.249229869926500092e-01,2.256644516329305294e-01,3.216581321689968714e-02,-3.182120629682212709e-02,7.444965637905764932e-02,7.371438524355344857e-04,1.414470026720530266e-02,2.499056571244969716e-01,-2.853056673457139980e-01,3.015099683989507229e-01,7.742702384933466964e-02
2.243595288926656939e-01,2.289936879002381076e-01,3.234369141325176694e-02,-3.548025695116339973e-02,7.627742432554404650e-02,-7.624001858179685343e-04,-5.425869146215445832e-04,2.487179583697992635e-01,-2.856514904643915886e-01,3.023563249702744815e-01,8.028109889740560334e-02
2.355256908480167222e-01,2.346911797337832561e-01,5.962836670412061807e-03,-4.144307546241936258e-02,4.970607654780932055e-02,-1.295064496439772561e-02,1.686452601546948107e-02,2.427644081678901056e-01,-2.550527048674491315e-01,3.216735803078505929e-01,5.598512215062927816e-02
2.342176615865325384e-01,2.370252542347938141e-01,5.280302262131157665e-03,-4.310568973350265010e-02,5.314960830629915367e-02,-1.462407601423888759e-02,4.873539300265582880e-03,2.424460660598262707e-01,-2.515515048873115944e-01,3.225356920023743634e-01,5.606711293192115364e-02
2.208890048389595406e-01,2.259806735589195981e-01,-2.904842402090956205e-02,-4.036498551427465664e-02,4.582716484816147517e-02,-5.580524485599096945e-02,-2.839170682716191454e-02,2.702702654756997114e-01,-2.118318767554767390e-01,2.830534112845046746e-01,4.009367287347325587e-02
2.224210121558379549e-01,2.325814649541634027e-01,-2.852951956114651091e-02,-4.313727687847906250e-02,4.729194944093939590e-02,-5.664220499230979838e-02,-3.433637932134465942e-02,2.657027832169778780e-01,-2.156504944335876639e-01,2.845610250347657133e-01,4.246202146880569128e-02
2.201334625194105443e-01,2.333651534644245462e-01,-2.759697335241401844e-02,-4.324461885219597901e-02,4.714999120061590110e-02,-6.206738483528036893e-02,-3.306248894297696139e-02,2.630264561159117997e-01,-2.189442458638777844e-01,2.848383422195634451e-01,4.383934982794460838e-02
2.161373019148787322e-01,2.184160571520749883e-01,-2.733846597580993909e-02,-3.948834890371660800e-02,5.193902531771477094e-02,-6.337769160895415088e-02,-3.346590245530378649e-02,2.670853607260026408e-01,-2.194688468936669690e-01,2.831852620149007405e-01,3.819276511187125189e-02
2.151904833443676335e-01,2.194191277597547229e-01,-3.037018925578628681e-02,-3.942618904731502727e-02,5.094806825970366049e-02,-6.538182714616976032e-02,-3.386230584906207985e-02,2.665640562389858248e-01,-2.143669472629789463e-01,2.848875511681627781e-01,3.539348515772620940e-02
2.111276292671129262e-01,1.896952961458648335e-01,-6.254751474711912375e-03,-3.184062020309364610e-02,6.955298982596669344e-02,-5.074415405162003428e-02,-7.094675423401620128e-03,2.751849125051902267e-01,-2.605156326880498918e-01,2.600196728364339016e-01,5.906836808448471393e-02
2.106169329593969852e-01,1.938912282261245068e-01,-1.025108537619239500e-02,-3.322430084520471699e-02,7.309604771665319245e-02,-5.403003364045073226e-02,-1.659342665796715091e-02,2.739435772844295847e-01,-2.539805074169289578e-01,2.627780514398943557e-01,5.712381261516110559e-02
2.104722478938710617e-01,2.056854331217163045e-01,-1.137424634469156974e-02,-3.209372618039370295e-02,7.152390338664584013e-02,-5.250045777821227277e-02,-1.801592126268988792e-02,2.722100488087256243e-01,-2.490654103765553018e-01,2.662528603377861680e-01,5.407417436000304389e-02
2.112805417889228321e-01,2.050082375471437846e-01,-9.661114928312142594e-03,-3.209190586185891453e-02,7.395127081038099792e-02,-5.104021092113306818e-02,-1.796612160783127993e-02,2.725933219376832084e-01,-2.526233611367091347e-01,2.659605014640393783e-01,5.506658432000858389e-02
2.114413307227436534e-01,1.941487738332835777e-01,-9.048858529494722275e-03,-3.850812041907671762e-02,6.553636760500726466e-02,-5.763184854917022953e-02,-1.600864251269357164e-02,2.727831703445426914e-01,-2.509031910161200196e-01,2.674623826998647202e-01,5.114503017348908526e-02
2.188938572120983361e-01,2.029533966595286620e-01,-6.144511691036153717e-03,-4.554909031621313942e-02,6.440538079045324271e-02,-5.143998914868144062e-02,-1.786447040569576206e-02,2.642038887048311913e-01,-2.657056918932511058e-01,2.718137019731131088e-01,5.418426956352840468e-02
2.170183386797273628e-01,2.012649574371224159e-01,1.512197106571163199e-03,-4.547287068135340282e-02,6.502740974771882565e-02,-5.058294635070828549e-02,-1.732756798609991905e-02,2.637756352635139967e-01,-2.792098565131888033e-01,2.665499058516510589e-01,6.280409948634928241e-02
2.230427071129022498e-01,2.129529131242662021e-01,-6.313428183691687130e-03,-4.633035900350126329e-02,6.438952810662802728e-02,-4.570160963741896898e-02,-1.914415792261664126e-02,2.630354034616442238e-01,-2.700793035806894338e-01,2.766442849270012716e-01,5.550107242041297378e-02
2.214135773904625237e-01,2.121293983581787057e-01,-1.106252585349989936e-02,-4.250276271016555085e-02,6.896767676196542685e-02,-4.846492018659417228e-02,-2.126794829295812136e-02,2.667711442748449957e-01,-2.565827815302594850e-01,2.781612693998103403e-01,4.978575510212106953e-02
2.189702078084890535e-01,2.179048159608987512e-01,-1.495028164128399915e-02,-4.050913990111459223e-02,5.630347592890908026e-02,-5.702803433981639553e-02,-2.011340608319904869e-02,2.651910733469952652e-01,-2.379560018207712568e-01,2.819083752021717681e-01,4.536835202238687775e-02
2.193912720649029979e-01,2.168845801151798314e-01,-1.461397381158764837e-02,-4.100957178699354139e-02,5.952704799693384757e-02,-5.474723704488129034e-02,-2.638956197929685082e-02,2.674135633990162852e-01,-2.374661364380216411e-01,2.799452436652263287e-01,4.638131998287994828e-02
2.188160568670934614e-01,2.189268334039114750e-01,-1.554599544244438490e-02,-4.174978412952047579e-02,5.739326203907073320e-02,-5.705983017170212362e-02,-2.887550702825634336e-02,2.664900400306348116e-01,-2.359747698647939318e-01,2.798860303365086621e-01,4.568354744639639003e-02
2.229665692042425151e-01,2.187326577152360618e-01,-1.679855552779273287e-02,-4.637013603579686477e-02,5.736214101197577991e-02,-5.190855659943420519e-02,-2.376708513920414850e-02,2.651907348544605969e-01,-2.429179682203704282e-01,2.815283216329543814e-01,4.839411433781081601e-02
2.215162650653685339e-01,2.178088021063449842e-01,-1.756916956548362774e-02,-4.415019653199038496e-02,5.969451843166818233e-02,-5.255144886853827663e-02,-2.348623810765917280e-02,2.655616432097756552e-01,-2.380524670613959615e-01,2.808521311256110820e-01,4.728985374655435975e-02
2.216421017530976201e-01,2.163211737719740457e-01,-1.637664251928993425e-02,-4.344066913250552858e-02,6.039087477130372639e-02,-5.145808586248905997e-02,-2.374798485551173413e-02,2.680728195373547895e-01,-2.391326231539109004e-01,2.804755501798048001e-01,4.964483959853664696e-02
2.194660840684855008e-01,2.254419604067748328e-01,-2.612375498298079649e-02,-4.408729926311485969e-02,5.056968162882327644e-02,-6.457674579671510151e-02,-3.251222706076419694e-02,2.658566497145831709e-01,-2.174924976759938233e-01,2.857400522925582775e-01,3.532463430328811049e-02
2.187131000495956823e-01,2.271524576628371483e-01,-2.830129351663615220e-02,-4.477970430572990324e-02,4.870485352113532868e-02,-6.814763036795770668e-02,-3.202713667696423239e-02,2.640611451587546732e-01,-2.156433942800175807e-01,2.870475958726154686e-01,3.318355454450602759e-02
2.054545341800581015e-01,1.801821602260013644e-01,1.789827923491111444e-02,-3.166608876476215140e-02,8.994298982399573372e-02,-3.741871381782380795e-02,-7.767994457011824505e-04,2.774665798435567710e-01,-2.894689061556409149e-01,2.480049004106477384e-01,7.869904753547789233e-02
2.051913636684520592e-01,1.782195919604702694e-01,1.878708714110235295e-02,-3.099087414842432650e-02,9.227725355061906776e-02,-3.558926120176474084e-02,-1.461140733585921704e-03,2.792251442185159083e-01,-2.891773486025587814e-01,2.479022512630705832e-01,7.925918454225547305e-02
2.042914330992322836e-01,1.781026786540209628e-01,2.133731388873214355e-02,-2.974377410540247901e-02,9.441481331594198112e-02,-3.604604051879610471e-02,-1.557377643679555383e-03,2.791364277750911227e-01,-2.927000712559851836e-01,2.457829049288980106e-01,8.158592735071681923e-02
2.181481853658491232e-01,2.213940535458378267e-01,-2.156133216366646482e-02,-4.420904784325303816e-02,4.465764559838180520e-02,-6.262616948275147311e-02,-2.837092869136249515e-02,2.661220914090386969e-01,-2.176022483315334100e-01,2.875882332117594142e-01,3.680115823103689149e-02
2.198877197528137373e-01,2.199305099159153676e-01,-2.079205720134359725e-02,-4.471798274151067565e-02,4.742949644713756463e-02,-5.748987840280533890e-02,-2.352521605644170011e-02,2.663639873065044572e-01,-2.274747132327989696e-01,2.872054380847412491e-01,3.814271917948621610e-02
2.209984383894030291e-01,2.231697722999750888e-01,-1.963901340129269035e-02,-4.432056547315467443e-02,5.018459066447476802e-02,-5.579632092405638344e-02,-2.975080368726376601e-02,2.666268581612110111e-01,-2.286866919153904554e-01,2.855780175849236824e-01,4.064769574136926217e-02
2.470991710221663029e-01,2.552480295437435931e-01,-1.045304138451212672e-02,-6.222601517668162330e-02,4.213395787346801286e-02,-2.339408736085869800e-02,-1.162382888735664227e-02,2.374238655722665237e-01,-2.274575963437031889e-01,3.319867539617142316e-01,4.282411922754063988e-02
2.475988390587437471e-01,2.583164475409648331e-01,-9.710002085237777469e-03,-6.187317333850181345e-02,4.325834849478812222e-02,-2.409426953149558515e-02,-1.253417580153482272e-02,2.353314135727203604e-01,-2.279550970925560693e-01,3.327520608850798034e-01,4.229767962139988763e-02
2.467882938122933634e-01,2.584463348608223576e-01,-9.046270542372142343e-03,-6.281490103491184362e-02,4.346172949685210563e-02,-2.543216597821561925e-02,-1.490713956400146686e-02,2.349248636654734379e-01,-2.296399557658059254e-01,3.323928855944639493e-01,4.379591908103958736e-02
2.206688356644811999e-01,2.081817299961462031e-01,-1.431596494761138046e-02,-4.300863993512370892e-02,5.909268598908262726e-02,-5.581269768013547711e-02,-2.094617738881470598e-02,2.710894685529877668e-01,-2.428230972841940449e-01,2.733135585625975916e-01,4.934364100748360460e-02
2.247527021773481071e-01,2.069690591399653556e-01,-6.078672531264073774e-03,-4.953309425655336162e-02,6.049379651850037704e-02,-4.581449603879962640e-02,-1.697438218143098448e-02,2.649843304358608376e-01,-2.669676560962107592e-01,2.743402345606023585e-01,5.573431989050060820e-02
2.205288949401312815e-01,2.235814265880156082e-01,-3.193051344412215636e-02,-5.176370355074776802e-02,3.788748545007922242e-02,-6.770888938282951242e-02,-3.525594774703412482e-02,2.629261369466756593e-01,-2.087739020997315675e-01,2.961827228155820557e-01,3.002314098724234367e-02
2.209037361832571766e-01,2.249644016730618645e-01,-3.064132679486363670e-02,-5.161146907141803131e-02,3.807479846758333314e-02,-6.652420066930826714e-02,-3.720766924080724097e-02,2.631805238040300088e-01,-2.103620327587523431e-01,2.946773358651437746e-01,3.069138277492512723e-02
2.257717837092079183e-01,2.309156657051899819e-01,-3.751303479637140004e-02,-5.129459362414021117e-02,3.371828275570327993e-02,-6.416929729245976488e-02,-3.554366514721457593e-02,2.631105185294697613e-01,-2.029363799263269041e-01,2.963250008699351290e-01,3.815622837634314451e-02
2.160746124185486672e-01,2.062913963560461250e-01,-1.871007283860259135e-02,-4.140193947851589229e-02,5.858397913648778071e-02,-5.575215481388796912e-02,-2.049738861226382478e-02,2.742770781992012741e-01,-2.335393575282043166e-01,2.752074817274873242e-01,4.403123461376762943e-02
2.175960188067595780e-01,2.116349326341710746e-01,-1.937578049750724937e-02,-4.392247427122425441e-02,5.803636959040352900e-02,-5.837168956419930971e-02,-1.905543586496578901e-02,2.674444337890485857e-01,-2.378207597045883248e-01,2.781269285832071447e-01,4.337884400870382906e-02
2.172018914901144571e-01,2.131736971012201387e-01,-1.913413495105862824e-02,-4.321476405836657125e-02,5.809986126801225392e-02,-5.838877578167746274e-02,-2.301876760039703665e-02,2.689411098810270961e-01,-2.357615023611794036e-01,2.771806513843282915e-01,4.378698696340870694e-02
2.345917872267240523e-01,2.321938399253345719e-01,-3.806734076869406486e-02,-6.031895947753493359e-02,3.725072651756116543e-02,-6.294543079826531162e-02,-3.310177028290045564e-02,2.592867432922758009e-01,-2.126316317558517022e-01,2.986114918966849552e-01,2.851001464752759770e-02
2.381017438569154876e-01,2.342379804373712904e-01,-3.883526041253590466e-02,-6.289832186938978942e-02,3.718481242179123847e-02,-6.040036072374482812e-02,-3.455523851109058853e-02,2.575505016546998371e-01,-2.142955466711072288e-01,2.999461617650615031e-01,2.689120848205805991e-02
2.364437403042981001e-01,2.333565630364208832e-01,-3.783136710456071194e-02,-6.107327251995290501e-02,3.917897681672461579e-02,-6.097530340512130609e-02,-3.370285061583389030e-02,2.577981411385133481e-01,-2.137434260006627618e-01,2.991642507661318451e-01,2.851640947651472996e-02
2.216042154761916627e-01,2.274877835882048727e-01,-3.901336140061660573e-02,-5.349979748553392728e-02,3.086328346417491555e-02,-7.555056592801197290e-02,-3.347943960738616886e-02,2.621420755800107916e-01,-1.971598451619195336e-01,2.948686976567915230e-01,2.746511883757493666e-02
2.243682626416289294e-01,2.322016041902044137e-01,-3.846484139717262773e-02,-5.629396481547261494e-02,3.062583608024340570e-02,-7.514865485906356557e-02,-3.392414830176807006e-02,2.568003927925377461e-01,-2.031226386390630467e-01,2.969438196751246206e-01,2.813963133514651299e-02
2.233794149958386044e-01,2.328688228022228746e-01,-3.821378171552419073e-02,-5.660484471723200434e-02,3.286432755930609323e-02,-7.681163337324792284e-02,-3.595787846059800286e-02,2.559521176105326035e-01,-2.032065018607932816e-01,2.978875596736140219e-01,2.741280443336093983e-02
2.186664212670761387e-01,2.206830482756614864e-01,-2.727724346090642030e-02,-4.684347651772454574e-02,4.180856955708098233e-02,-6.769957615981002375e-02,-3.063830173016549377e-02,2.663786482357396457e-01,-2.124165141551145330e-01,2.872485437822968057e-01,3.510076797735946219e-02
2.182984803142059005e-01,2.235353815342023542e-01,-2.708544152091735963e-02,-4.778388333489500678e-02,4.099547873691543332e-02,-6.948046997175694184e-02,-3.252446289605198659e-02,2.644821354323287355e-01,-2.129379878102140855e-01,2.885847794025835911e-01,3.522836223976976572e-02
2.173432376528362797e-01,2.225503723519223209e-01,-2.503680530496616569e-02,-4.780555761223303363e-02,4.147252219531727402e-02,-6.974222421736553379e-02,-3.145372837638112096e-02,2.639401000046872614e-01,-2.166570466160889497e-01,2.878119290466576996e-01,3.794551343988139536e-02
2.112103869041636606e-01,1.821504291553264487e-01,6.185737952689943607e-03,-4.096441827243500061e-02,7.558969008568908188e-02,-4.772956880672110658e-02,-9.798067009919678508e-03,2.744197567968925111e-01,-2.770689562570918807e-01,2.566934314441046139e-01,7.007586827633593973e-02
2.081185952625041746e-01,1.794537542056877377e-01,1.935604147452026774e-03,-3.981347418011180195e-02,7.287248645263928737e-02,-5.085630449167892475e-02,-9.511694267173621126e-03,2.770520063570982572e-01,-2.680952614799868572e-01,2.574820006487131829e-01,6.623939503038211996e-02
2.219400967449972062e-01,2.238563807763114810e-01,-2.532564593721368246e-02,-4.977181747126620953e-02,4.425247824767526705e-02,-6.457712961072958890e-02,-2.463780568079952313e-02,2.594325700900260712e-01,-2.254086154348268478e-01,2.918749451086198321e-01,3.618767113213663955e-02
2.204689435309727663e-01,2.221921555874123433e-01,-2.655745856312450789e-02,-4.745689458994170606e-02,4.720007045259650563e-02,-6.381079737794866091e-02,-2.943238158163535151e-02,2.637538263631975521e-01,-2.187598283780748387e-01,2.899943697800840825e-01,3.658894174025705687e-02
2.191273485448165248e-01,2.212377162331403690e-01,-2.504757817664807901e-02,-4.573834582972934742e-02,5.041558238069998588e-02,-6.498694347151744155e-02,-3.106666618875309968e-02,2.644410274952844198e-01,-2.190358485108693243e-01,2.881054320141644975e-01,3.741300671450683429e-02
2.445050703277199255e-01,2.866125418382888812e-01,-2.373373958576276144e-02,-6.712380769993933627e-02,2.713864459689328476e-02,-3.366320139770036246e-02,-2.395114992908380092e-02,2.258136201041294477e-01,-2.008380356530913846e-01,3.463807665497536936e-01,2.739655909621134186e-02
2.443893792674907695e-01,2.865444419126603193e-01,-2.371012404137294582e-02,-6.741644300782459465e-02,2.688418246928534622e-02,-3.321640030610494010e-02,-2.415001771678530057e-02,2.241734419779133347e-01,-2.005508623445828864e-01,3.463000423941968720e-01,2.698480879787199666e-02
2.458078768362036703e-01,2.862984323934107955e-01,-2.274468241145814751e-02,-6.785141609160511011e-02,2.793648378475307309e-02,-3.157787843110972104e-02,-2.355245230187114763e-02,2.248578716676877809e-01,-2.033041454242197066e-01,3.471679739598237391e-01,2.742676089310145532e-02
2.265972443802620195e-01,2.165245089726285099e-01,-1.215544196723356528e-02,-5.153376881163033996e-02,4.299803104401770520e-02,-5.358844691608295047e-02,-2.788259569587369160e-02,2.619014516087399547e-01,-2.498025694410239972e-01,2.854376157262220604e-01,5.939802239015349455e-02
2.318559268442975940e-01,2.213055368027761205e-01,-8.880267798603043786e-03,-4.753641098075962051e-02,5.217057107821750084e-02,-4.184421072786781437e-02,-2.775347750926904222e-02,2.669417403465664251e-01,-2.611694888709067408e-01,2.776595278408925949e-01,6.456125327468710540e-02
2.336595830284493858e-01,2.237127153339286134e-01,-1.111556220302275730e-02,-4.934327640974111445e-02,4.960072994988623529e-02,-4.177249313355883148e-02,-2.922382100215060313e-02,2.671381993054255943e-01,-2.581828711551080735e-01,2.788803448965090359e-01,6.164739538633505489e-02
2.326618314714434810e-01,2.225831039778303488e-01,-9.634733590962197072e-03,-4.815867074427421235e-02,5.074714024470813878e-02,-4.204362324688824121e-02,-2.881747705782217867e-02,2.664321681686006027e-01,-2.605633476578512742e-01,2.777948318969554742e-01,6.337174817332980048e-02
2.225348152781624345e-01,2.105469589828077859e-01,-4.484310220953903643e-03,-4.261171330130261725e-02,5.525634367828369253e-02,-4.004740122335855718e-02,-2.355831497292169840e-02,2.684338184800292293e-01,-2.678161304128466869e-01,2.713117773344572714e-01,6.816528749058560488e-02
2.227927819609660798e-01,2.205129638426617245e-01,-8.335127171256208334e-04,-4.393191915806502618e-02,5.460894860831268932e-02,-3.749779461129559843e-02,-2.401353590461099627e-02,2.710626057476107631e-01,-2.605139494713875070e-01,2.719923512785938913e-01,6.768052223149205460e-02
2.250516545719420669e-01,2.313362579587733558e-01,-8.011476264769046979e-03,-4.696226646092616780e-02,4.816261062417807881e-02,-4.385820278292995589e-02,-2.807137913805807933e-02,2.669521123712209620e-01,-2.522260252951900039e-01,2.768526727574427970e-01,6.137288156257034166e-02
2.101043231117646348e-01,1.841083769498111922e-01,1.781201623579752730e-02,-3.350666557138790719e-02,7.968865056430685101e-02,-3.177337638190338986e-02,-6.413219315464075386e-03,2.802388043177999610e-01,-2.970483292352159577e-01,2.454867185650098926e-01,9.048030121402082793e-02
2.149668157841775895e-01,1.840668138897826045e-01,2.425095968245984113e-02,-3.428433383396464057e-02,8.579101935462710160e-02,-2.448259687880903132e-02,-5.384085022749514338e-03,2.773208872372383005e-01,-3.148021138776551653e-01,2.424024403114718729e-01,9.635152842575582521e-02
2.023735090247560098e-01,1.668491727303297312e-01,3.634040484472158411e-02,-2.735474303891563541e-02,9.521430697762214845e-02,-2.739449259900790176e-02,3.415328044306911032e-03,2.826778139228749986e-01,-3.200723271404922188e-01,2.273944481436896980e-01,1.057654710386810720e-01
2.034475934835802968e-01,1.622697911093601286e-01,4.587747937946139165e-02,-2.569243629229773021e-02,1.024579672613008252e-01,-1.954952828142800941e-02,6.343656784233958623e-03,2.811915928533215148e-01,-3.376811761168788117e-01,2.228641751120271075e-01,1.140186969607865503e-01
2.040786433475641204e-01,1.673045667002505399e-01,4.065755481016519041e-02,-2.738545513197348028e-02,9.767572242821535855e-02,-2.366258130038515622e-02,4.158632578240978317e-03,2.802971036617153411e-01,-3.292083668696731413e-01,2.262731930171200945e-01,1.095025797925204269e-01
2.197772157490166522e-01,2.193933005061916020e-01,8.436703882643381384e-04,-4.265527532638288544e-02,5.447375860589009217e-02,-4.543564647833501363e-02,-2.268287909497413574e-02,2.655132949786420671e-01,-2.690651963560281024e-01,2.706405899901856982e-01,7.345707683129418242e-02
2.212535214179937315e-01,2.177000417915894992e-01,1.621562433827903292e-03,-4.302513138661027275e-02,5.517971120603860913e-02,-4.198687527442773043e-02,-2.337604648437974567e-02,2.671844772839612747e-01,-2.703730767242359390e-01,2.702392255101848662e-01,7.315117183183182659e-02
2.211978401244010517e-01,2.230081503799176135e-01,-3.150323684568252357e-03,-4.377393525224226867e-02,5.180879055111525799e-02,-4.746182184676158572e-02,-2.503085813630474138e-02,2.658640985395430145e-01,-2.620622450330472586e-01,2.729347648849723695e-01,6.889795700673972956e-02
2.308575112075250679e-01,2.328370289793910697e-01,4.913640073653543355e-02,-4.422876479115200876e-02,6.877668394181921108e-02,2.766115450289950706e-03,-1.546205181893755415e-03,2.426769433197822345e-01,-3.055462361748333411e-01,2.999082534090899421e-01,1.026729999218123496e-01
2.077626763496981943e-01,1.662593449466580331e-01,4.830397945990875380e-02,-2.680129598755274026e-02,1.021220816801852727e-01,-1.150050936699403142e-02,1.006802921792503483e-02,2.796219401396611848e-01,-3.448407825896779300e-01,2.228278275731376545e-01,1.211747965929533960e-01
2.085883529197352371e-01,1.685509617940042781e-01,4.686917111843155737e-02,-2.783576084249737154e-02,1.006141026761789847e-01,-1.266716137640004451e-02,9.052751347537520837e-03,2.786177268237016724e-01,-3.437995473617626585e-01,2.231207241010284281e-01,1.185653595760252921e-01
2.358971944007430821e-01,1.927425096426159390e-01,3.399801856897954541e-03,-4.647410252237611783e-02,6.916620600048394019e-02,-3.456654066729095143e-02,-1.290175681761441054e-02,2.689516429569959732e-01,-2.874757671720433172e-01,2.639575399755806906e-01,8.214771190113091814e-02
2.356267677034767916e-01,1.893939658359919398e-01,7.967035177026543513e-03,-4.514934777334104338e-02,7.286365383741492951e-02,-2.991971695166396536e-02,-1.346970106931051452e-02,2.701263386514613507e-01,-2.935966514608456257e-01,2.615607190421276318e-01,8.544365623222051342e-02
2.213088590182978599e-01,1.680514640355319778e-01,3.372025513387719858e-02,-3.065990922399921409e-02,9.490535378315066717e-02,-1.636140747201768331e-02,5.167264644077544308e-03,2.881334941881954492e-01,-3.008661052792511725e-01,2.334468218786294180e-01,1.052828275213176651e-01
2.235295158848408514e-01,1.730045898166909235e-01,3.492785174259960962e-02,-3.314293455372758351e-02,9.612057951343569440e-02,-1.598636483750689313e-02,4.460315481447161071e-03,2.758652705435871155e-01,-3.259132803614196439e-01,2.383993650587804547e-01,1.077122352526534016e-01
2.242417049588631695e-01,1.728220300831409262e-01,3.487744014443079632e-02,-3.263811319868269167e-02,9.657099882971352522e-02,-1.443821534121397451e-02,2.932586922310543090e-03,2.761891768026147886e-01,-3.254266823595247105e-01,2.390557296480896599e-01,1.077060142224407491e-01
2.075135727205073832e-01,1.555247844571976956e-01,3.221232273278010205e-02,-2.484184506665157444e-02,1.026774432687380390e-01,-2.830736142571133734e-02,1.326428275207387764e-02,3.006801621684630499e-01,-2.772000850234671576e-01,2.211654124741292138e-01,8.927850921554718322e-02
2.113854432164654629e-01,1.564372868859346122e-01,3.784667335683268574e-02,-2.564493570695068614e-02,1.121391021716605929e-01,-1.855474162204012734e-02,1.102127337538438313e-02,2.826877405407102195e-01,-3.315446265306113971e-01,2.269444810764937315e-01,9.949293303789823184e-02
2.114554123647322259e-01,1.567240097273671362e-01,3.785999263247029345e-02,-2.560398130032327801e-02,1.119946502752536127e-01,-1.870550210621689524e-02,1.110137740048450748e-02,2.819783353980954699e-01,-3.318964292037434594e-01,2.274038881651769817e-01,1.000068892087865591e-01
2.137081208443028235e-01,1.643177710862500640e-01,3.063507648736064903e-02,-2.855231148330808488e-02,9.833711875014394810e-02,-2.232368103962984254e-02,1.877941919146140434e-03,2.818778975631359707e-01,-3.169754695123315757e-01,2.359662648617843195e-01,9.988293190886730899e-02
2.149753045145980090e-01,1.654507749880733680e-01,3.166492451283761667e-02,-2.934401779902881535e-02,9.862082027868539214e-02,-2.135119626913369734e-02,1.751996388092482218e-03,2.807079409800669612e-01,-3.200739318353408303e-01,2.362511489472871595e-01,9.935612997313979233e-02
2.137550637312039536e-01,1.760456112097177339e-01,1.695684412792625162e-02,-3.257113583768765641e-02,8.257964714113408267e-02,-3.161218570260766053e-02,-7.600524636980048564e-03,2.837092829199598376e-01,-2.897906099243079958e-01,2.465609493214556136e-01,8.568005551356620841e-02
2.124332670453552285e-01,1.747984652210198830e-01,1.898139895128941185e-02,-3.131507509795160987e-02,8.585595542414832526e-02,-3.198282570310102824e-02,-6.996963528738854923e-03,2.838823542274137579e-01,-2.919460720100724438e-01,2.448155302444218195e-01,8.641840953274371184e-02
2.271906553622724256e-01,1.917023603564871337e-01,9.958066557414678444e-03,-3.470848849222531868e-02,8.167950870437096222e-02,-2.903625875351542596e-02,-1.166039266556770197e-02,2.763819130657592660e-01,-2.856510631576262838e-01,2.584367315158722644e-01,7.906672625311127189e-02
2.257447793615064979e-01,1.882912361504990029e-01,1.109139616719826901e-02,-3.483850992311251366e-02,8.193840223045388560e-02,-2.768326447695842324e-02,-1.052534524426877380e-02,2.779261627116770272e-01,-2.875135082529076125e-01,2.565247035245661333e-01,8.040729424171631778e-02
2.263402243763662780e-01,1.826226405398895802e-01,1.872582987254560113e-02,-3.325334850301213396e-02,8.816820878535411299e-02,-2.129855827933623685e-02,-7.214313887931473115e-03,2.769687953387167112e-01,-3.015125009899602415e-01,2.540814359079627271e-01,8.722347555994744428e-02
2.134791716790457594e-01,1.554329121145176518e-01,3.975688732772224288e-02,-2.489066449265049316e-02,1.029838921581115313e-01,-1.632099581505167679e-02,3.456493209297428065e-03,2.832415855105212543e-01,-3.305606300488108107e-01,2.287518454990897787e-01,1.109847717252897270e-01
2.137213434362645881e-01,1.567412960135047828e-01,4.181203635325506790e-02,-2.892506944209199612e-02,1.034885270493423742e-01,-1.703000445165710197e-02,7.366302334045208081e-03,2.799253904982916263e-01,-3.341470444988047794e-01,2.309751841823496077e-01,1.113288136950924684e-01
2.142707593468852201e-01,1.599617351245919694e-01,3.849921913125922690e-02,-2.902584764753774610e-02,1.010185622987571918e-01,-1.980052703072001513e-02,6.028061178622288324e-03,2.811468378382092070e-01,-3.278067764682474627e-01,2.318206052628405678e-01,1.083392603460527764e-01
2.145564534419411029e-01,1.607302433672356257e-01,3.771454124354354370e-02,-2.901184802278499592e-02,1.008391680088282227e-01,-2.044611928187248240e-02,4.522264659980316723e-03,2.812537843178941066e-01,-3.262796841113641544e-01,2.325434470878329218e-01,1.078420230446238415e-01
2.016876597391552839e-01,1.589950079075798661e-01,2.378252484630563254e-02,-2.447337368735936353e-02,8.424484880846479229e-02,-3.343823047024306605e-02,-2.250017370710233333e-03,3.060508537400172813e-01,-2.556267735918035799e-01,2.254633615238020861e-01,8.847603806931852999e-02
2.103292487808935407e-01,1.738027148923521059e-01,2.301654808042169487e-02,-2.780789568052882341e-02,8.678826464236888416e-02,-3.040047059960055906e-02,-7.542189297413612326e-03,2.851894651747798326e-01,-2.977780607842691607e-01,2.398034161331286940e-01,9.394554961368352386e-02
2.115793471909174772e-01,1.744816534080485260e-01,2.707472441801411431e-02,-2.891013145438184676e-02,8.924171095928493114e-02,-2.884191637004428557e-02,-4.212559926884466149e-03,2.812978916571552412e-01,-3.088517553926278802e-01,2.384227357037763950e-01,9.745306906753800624e-02
2.083894191604175883e-01,1.734971963979374254e-01,2.865696824841344054e-02,-2.560897278560575127e-02,9.086804695947371668e-02,-2.591056081642508294e-02,-4.598981881631483346e-03,2.815193479104024510e-01,-3.086605200078191835e-01,2.393408039928440201e-01,9.938660473287862229e-02
2.178985529672510246e-01,1.892737143470955286e-01,2.433829734747782608e-02,-3.603699728069556518e-02,8.200491000007230358e-02,-2.887771082111369875e-02,-2.518935409566738955e-03,2.743047803300689980e-01,-3.032584331107342490e-01,2.496827181941659035e-01,9.412449172039316636e-02
2.171920271186863205e-01,1.893803436971421283e-01,2.357555778365709107e-02,-3.745236729288376615e-02,8.002728046790710814e-02,-3.015441096763991219e-02,-5.243810088326888996e-05,2.727116763425903589e-01,-3.041942316998360041e-01,2.504840926050072580e-01,9.462257685695373011e-02
2.223329650974881500e-01,1.902841025766470462e-01,2.317526455318176873e-02,-3.798640073849306187e-02,7.695729929050207363e-02,-3.075512800218112297e-02,-4.558935395207011285e-03,2.732569638366619258e-01,-2.961898478916012989e-01,2.559689577778698211e-01,9.000156200260825412e-02
2.226844680534479926e-01,1.916565840343421034e-01,2.329577994891473408e-02,-3.758937638241086759e-02,7.778521906009597253e-02,-3.092119569092833739e-02,-4.435169041285482935e-03,2.726042164830651537e-01,-2.967122302665691214e-01,2.557367914322735136e-01,8.989247717330568765e-02
2.221610821628101640e-01,1.922620921062656585e-01,2.314547129072429266e-02,-3.699494662199774575e-02,7.782017388909315270e-02,-3.254237619213143362e-02,-4.989757447365185741e-03,2.722799752505566939e-01,-2.959976618330985021e-01,2.558602308670527847e-01,8.997419960764646563e-02
2.076414224992804980e-01,1.853498236541163136e-01,3.530313604225689822e-02,-3.321860292105813239e-02,8.285110696300646005e-02,-3.013965665380043818e-02,1.060610220120808758e-03,2.753325129550872052e-01,-3.111686465832548265e-01,2.441328573241071664e-01,9.914941486698056194e-02
2.082679749698297389e-01,1.861839848321517332e-01,3.260452972108492109e-02,-3.259731132274232973e-02,8.197705010209543897e-02,-3.077254434349517911e-02,-2.040598459268249537e-03,2.772273027429454917e-01,-3.047412570279246502e-01,2.444615429561452502e-01,9.634131541603183080e-02
2.076067005624528672e-01,1.847057393360746202e-01,3.475427692957366865e-02,-3.157858165860841226e-02,8.415037597582661344e-02,-2.952250836158298863e-02,-1.033518052900108536e-03,2.771181593300843238e-01,-3.064428391038053756e-01,2.431718821393208663e-01,9.860242104575540900e-02
2.161755315484197026e-01,1.877067502282924460e-01,3.035586090404895215e-02,-3.422780639966419014e-02,8.386812261645133770e-02,-3.196127944321419667e-02,-1.055212615419933581e-03,2.719730077325022144e-01,-3.113430734235616004e-01,2.483589660012732458e-01,9.776442533643060762e-02
2.140396484024520984e-01,1.913605429264396973e-01,3.470244093659619056e-02,-3.624012204389379793e-02,7.853765827415551404e-02,-3.223415896415540022e-02,7.952690023865470470e-04,2.677113414053888252e-01,-3.193635617401478499e-01,2.483871733443643592e-01,1.021155201617666153e-01
2.140753816215965888e-01,1.911917517526777743e-01,2.758922079121903237e-02,-3.367743206371516529e-02,7.903451459266176704e-02,-3.488519670484847152e-02,-4.710437806906659156e-03,2.737437970536006349e-01,-3.004364758941905911e-01,2.499695550850167813e-01,9.262776006487147273e-02
2.210175190446324878e-01,2.129185693509454136e-01,6.928469221398230946e-03,-4.459202335990115201e-02,6.181253199816695576e-02,-4.146036131372753120e-02,-1.419235772539880619e-02,2.673614540665986139e-01,-2.744953777697970998e-01,2.697786018882815107e-01,7.535592142067330801e-02
2.036244491955580271e-01,1.945631918009182448e-01,9.881562614129771327e-03,-3.281635505692094557e-02,6.674797136279077281e-02,-4.798891340820341661e-02,-9.127047157450924805e-03,2.847572226012035634e-01,-2.491509122490234429e-01,2.509857131173874878e-01,7.045327829440135858e-02
2.099139936071692247e-01,2.032460746680119779e-01,1.475788311553044400e-02,-3.417563852875596386e-02,7.179400234314822771e-02,-4.148356593968096501e-02,-9.028981628677445331e-03,2.697854399535364878e-01,-2.875297371409962222e-01,2.586795268017036964e-01,8.113537410485902046e-02
2.099914797069943329e-01,2.059910557868648018e-01,6.977900146844743384e-03,-3.251536572619953547e-02,6.694932747349924274e-02,-4.660654514930892556e-02,-1.071579664538335405e-02,2.726884187887876898e-01,-2.705470752026192249e-01,2.601945818424672985e-01,7.362024162864440335e-02
2.096409492117701778e-01,1.962634558958546160e-01,2.649475790396708941e-02,-3.836510597791838867e-02,7.379608132778395224e-02,-3.647871063015551557e-02,2.314625704691931386e-04,2.700244298601211512e-01,-2.968537703656344839e-01,2.541523736438601744e-01,9.056122807283900622e-02
2.100358480288763985e-01,1.978523974942416330e-01,2.320975765468009933e-02,-3.807611281308909829e-02,7.179478764941023272e-02,-3.748674131919799146e-02,-4.400651400104980612e-03,2.722498586582052793e-01,-2.889264126718275039e-01,2.552451124184705877e-01,8.796521294551486181e-02
2.091341853848665000e-01,1.983683019053403274e-01,2.186508567222046617e-02,-3.704879474089289859e-02,7.206417102676782038e-02,-3.996353966038460742e-02,-5.880638318833588535e-03,2.726651562381397498e-01,-2.850319936568280754e-01,2.548679251473766616e-01,8.689377811809463614e-02
1.999909737593376091e-01,1.770990839270528139e-01,3.113267274595952691e-02,-2.762380376518643044e-02,8.810694164552719532e-02,-3.790832154635884188e-02,1.698267638245522237e-03,2.789121270284231624e-01,-3.082134538870338614e-01,2.350999748908191023e-01,9.863098948129747634e-02
1.997394121296044156e-01,1.778671458653428572e-01,2.907188300384356411e-02,-2.704592628260809456e-02,8.824126492744246986e-02,-3.853754968401836706e-02,6.801020756748606122e-04,2.808399731914343889e-01,-3.033278027665529120e-01,2.349090609544131902e-01,9.679033300512773774e-02
1.976196909430942839e-01,1.692146218226672771e-01,3.858028390983649081e-02,-2.575360653925260271e-02,9.471171755593278674e-02,-3.261092638973739355e-02,7.476257156152851108e-03,2.789631856668208232e-01,-3.196772068829274449e-01,2.304398239856503550e-01,1.050516894171043547e-01
2.134049659821396772e-01,1.952762319906738708e-01,7.775050296562435563e-03,-4.369000360030178554e-02,7.056962339213589119e-02,-4.071878583251516137e-02,-1.121335475643412023e-02,2.797485103078405366e-01,-2.726026814218083794e-01,2.533993661932297248e-01,7.561034984013680071e-02
2.126236384540990398e-01,1.790514561108919322e-01,1.586827781356184644e-02,-4.064778022108012090e-02,7.505947267177605353e-02,-3.285743404179491262e-02,-2.729613227607030970e-03,2.807185492888161771e-01,-2.858485686440502826e-01,2.532479149027406229e-01,8.315765089084101169e-02
2.192113621688246694e-01,1.942897720904954162e-01,2.132018012871662871e-02,-3.953928796403326923e-02,8.235418151526985309e-02,-3.332424186769909064e-02,-4.137236939343786647e-03,2.695107030957130112e-01,-3.007232914547709468e-01,2.559421912743850558e-01,8.896181144177384148e-02
2.195820580874743577e-01,1.960518368561559588e-01,1.962638414349097277e-02,-3.982725044090783956e-02,8.101674056422422665e-02,-3.406408322413383150e-02,-5.316915277126127784e-03,2.696666834261045032e-01,-2.978720316075365027e-01,2.569835319034008414e-01,8.747338680109228992e-02
2.085147119745968947e-01,1.869190788295653216e-01,1.501993840235723784e-02,-4.079426481978792179e-02,7.696475912586352164e-02,-4.480140815661536741e-02,-3.034090930654654607e-03,2.719352843995068159e-01,-2.944532141323093488e-01,2.481233352012052473e-01,9.074197251720973745e-02
1.915656343418881968e-01,1.504543791693374044e-01,4.087110661609021089e-02,-2.721775876482319945e-02,9.920123709900295628e-02,-3.084099253564506066e-02,1.566567122117523345e-02,2.832834145396596059e-01,-3.226345376194157955e-01,2.220789892670601839e-01,1.097820637327989873e-01
1.963709073258197157e-01,1.583978824636590177e-01,4.661585592279361701e-02,-2.540760397249006500e-02,1.055675260282592509e-01,-2.818331408969922125e-02,1.450666973886676446e-02,2.778412641272866024e-01,-3.344289867051051801e-01,2.225199512236082644e-01,1.157969563240626443e-01
2.214865350577538416e-01,2.099766242790327697e-01,-1.551332881199351220e-03,-4.175315922383600331e-02,5.850710402237974811e-02,-4.941923803635487472e-02,-1.779532396720352738e-02,2.677071990341687857e-01,-2.649769293853438956e-01,2.714505312480043897e-01,6.915442674333910356e-02
2.169329802234887805e-01,1.942781535156545558e-01,1.561699896060188622e-02,-3.953289128260185914e-02,7.282123514184944690e-02,-3.796181679937438158e-02,-1.081159063936801279e-02,2.723577141432008686e-01,-2.902626574190668718e-01,2.599595890288685651e-01,8.372708143028168015e-02
2.170917652363082984e-01,1.929662690974775496e-01,1.604568952087996950e-02,-3.898245259200935203e-02,7.391576745192637854e-02,-3.644298749050457753e-02,-1.112640515555471041e-02,2.733746924649692045e-01,-2.894940235186661548e-01,2.597076748055717754e-01,8.354267604707914241e-02
2.212457801853299766e-01,2.101931483915848164e-01,6.538122362930668535e-05,-4.190606276467703090e-02,5.809567677965070398e-02,-4.792266572664517776e-02,-1.810640435938364046e-02,2.678356070009912937e-01,-2.639820363335121378e-01,2.735800786135757501e-01,6.791993896703070466e-02
1.824599772977375522e-01,1.501017858910232983e-01,3.047477076107954486e-02,-1.862407143001877652e-02,7.455975040352970373e-02,-4.309288703277442539e-02,1.248196094276233375e-02,3.265171389369482813e-01,-2.097870724943668164e-01,1.994305929138210365e-01,9.335366443693678129e-02
2.125935279174717973e-01,1.990001609281952799e-01,1.813903506296934975e-02,-3.263018041561319138e-02,7.205935519605169426e-02,-4.104872973493611105e-02,-1.273525107117937961e-02,2.750874398786765096e-01,-2.876725782228746198e-01,2.535836132394710396e-01,8.928612595074834901e-02
2.103388913371492530e-01,1.963320087471663866e-01,1.594222138593123089e-02,-3.310109870442932978e-02,7.209843075835226101e-02,-3.986001366375566124e-02,-1.151103071178292622e-02,2.725143341948250697e-01,-2.891375542363197049e-01,2.565220927850259125e-01,8.858870583051278724e-02
2.098990518361423807e-01,1.962409327138654735e-01,1.482039137085624202e-02,-3.277639500633623693e-02,7.224072923568863880e-02,-4.150522502673721637e-02,-1.170515789176933621e-02,2.731312558351862707e-01,-2.864798570020382074e-01,2.562362345194092450e-01,8.742468575154327404e-02
2.110883703159431857e-01,1.983672930758417496e-01,1.359199324419209202e-02,-3.415829673301671449e-02,7.005795806627325428e-02,-4.165697551388103381e-02,-1.142819531373457168e-02,2.721801120844755673e-01,-2.865305931291872166e-01,2.578165112753917354e-01,8.676102658216879038e-02
2.105285477266691518e-01,1.995135958258044684e-01,1.704245943490154472e-02,-3.562508255283342029e-02,6.881702213509237331e-02,-3.659036749487507012e-02,-1.042631145778734683e-02,2.728455765395839672e-01,-2.869624368378583257e-01,2.585148992004064894e-01,8.433044085590238326e-02
2.123116287742732311e-01,2.032683252284812336e-01,1.775695958864421595e-02,-3.533007144931464560e-02,6.976608424034456968e-02,-3.684666092123427272e-02,-8.806807746875724291e-03,2.703288896346585091e-01,-2.898812338614601414e-01,2.603015635454336563e-01,8.428874905560712616e-02
2.105772282347444513e-01,1.948172235993413659e-01,1.824590449722338775e-02,-3.258151220561065348e-02,7.404271819312172043e-02,-4.092142774535014599e-02,-8.333818466572311817e-03,2.744215504480833068e-01,-2.896623170434412531e-01,2.525438597935851792e-01,8.708511923009851219e-02
2.090577229670751991e-01,1.976245470558214701e-01,1.947594268175932911e-02,-3.463379016935702603e-02,7.203897681102348904e-02,-3.995315648201079595e-02,-9.548607233511592629e-03,2.730453849237760577e-01,-2.947405334716218794e-01,2.528245223607543668e-01,9.115323115375265073e-02
2.089675543235545441e-01,1.968142480318901266e-01,1.910185852562937270e-02,-3.380683230666144123e-02,7.331715633179027025e-02,-3.925495853387292455e-02,-1.020810250851676704e-02,2.739201584572843462e-01,-2.926941547579144376e-01,2.527756189767491612e-01,9.008497664580715492e-02
2.319900225029430385e-01,2.411956458252990099e-01,-2.171848732540517316e-02,-5.221240378637712759e-02,3.147836614352007845e-02,-5.710650619724918359e-02,-3.511930885053806545e-02,2.565866986880815381e-01,-2.233187383845509633e-01,3.013731974441288819e-01,5.009355913285708922e-02
2.157445746133668796e-01,1.972496213376634944e-01,1.968605840567140552e-02,-3.585835645315633285e-02,7.053548754243903207e-02,-3.553555615203441570e-02,-6.724612467220803316e-04,2.683339005725658977e-01,-2.997370047013192540e-01,2.554909290832679258e-01,9.461253878791600624e-02
2.086905857253407715e-01,1.950458544208703571e-01,1.866280851999599366e-02,-3.476328626170288594e-02,7.208813755441981219e-02,-4.080254653035074452e-02,-9.252386050236717160e-03,2.717028425648589374e-01,-2.912156198576936195e-01,2.534251683424544321e-01,8.911004734397012794e-02
2.207188641512305427e-01,2.286017245798142306e-01,-1.301228019723212406e-02,-4.946812515057710802e-02,3.783200138268379836e-02,-5.956007540439003239e-02,-3.001718954223107222e-02,2.568923959935605628e-01,-2.405588805775287498e-01,2.909583956477870270e-01,5.729529488688894778e-02
2.203430036846396323e-01,2.275785170387010503e-01,-1.364505576138613265e-02,-4.915876415431574137e-02,3.787584880942698740e-02,-5.961236834020545300e-02,-2.983243651310167610e-02,2.580310782376404877e-01,-2.375839264648022253e-01,2.912576322921547334e-01,5.675951088055291444e-02
2.222098080722503810e-01,2.227919614481548294e-01,-1.242308585984587023e-02,-4.869496877576202226e-02,4.477464119122508135e-02,-5.738420463077981842e-02,-2.616770307059427744e-02,2.601951815343450103e-01,-2.485766348380739066e-01,2.845826246861064002e-01,5.951209498122345121e-02
2.201340269303767305e-01,1.973919810126292251e-01,5.801807666851982459e-03,-4.086483973452838259e-02,6.204750689828942428e-02,-4.273347095313415056e-02,-1.854824945535123865e-02,2.690551313314447635e-01,-2.774874701034334978e-01,2.695257209898742068e-01,7.354699421334409681e-02
2.190183084774606492e-01,1.980512990616813684e-01,4.920253619089690403e-03,-4.010960294973216211e-02,6.228144890033884828e-02,-4.528851036560598009e-02,-1.883339009970479844e-02,2.687537002250672269e-01,-2.751596304545415039e-01,2.699484834152420243e-01,7.285626087580703014e-02
2.253309123790503965e-01,2.113570283703531116e-01,-6.638564330623273127e-03,-4.475207109318157100e-02,5.377824918609758198e-02,-4.786529492815253667e-02,-2.541834001455499717e-02,2.652203160506977908e-01,-2.578372241770283124e-01,2.804465674854730306e-01,6.137761724672155528e-02
2.253983704348337114e-01,2.080108407583967089e-01,-8.296355375622748232e-03,-4.637389657625241163e-02,5.213618701569282948e-02,-5.042188014398110013e-02,-2.350952826440769194e-02,2.664521572806203831e-01,-2.539542086888714745e-01,2.804606542798513402e-01,6.035071109253221933e-02
2.250096361569961512e-01,2.083722575052812387e-01,-9.866601475421066247e-03,-4.682149038027776794e-02,5.235369921246094821e-02,-5.175421208264023576e-02,-2.476561924241917068e-02,2.654595043304879276e-01,-2.521631669065787507e-01,2.813469406049367572e-01,5.998037679359687069e-02
2.120879023460677804e-01,1.878579258515683248e-01,5.549942359078892037e-03,-3.789029456729672146e-02,6.117382393409752372e-02,-4.189977604701253938e-02,-1.404542102103550558e-02,2.793648815639688254e-01,-2.696075552987760582e-01,2.579425216889268957e-01,7.625822706273382989e-02
2.172316432092427918e-01,2.014925659783797507e-01,6.896578514723787461e-03,-3.723320513473250826e-02,6.772481504206034897e-02,-4.410760603567345783e-02,-1.632092723618544516e-02,2.709585501781788808e-01,-2.744816823285999297e-01,2.625406559724409172e-01,7.812311871943018737e-02
2.124771500187637996e-01,1.915518441879095757e-01,1.527771888844841643e-02,-3.836345288477949200e-02,7.044787403437113849e-02,-4.109300350690291842e-02,-8.731324777661213579e-03,2.741082097071922963e-01,-2.869309579083753059e-01,2.541902426436402074e-01,8.343182314609487449e-02
2.137818612167628751e-01,1.932385763759283392e-01,1.432616119865662632e-02,-3.855340469260668673e-02,7.363535181638194982e-02,-3.994032053076537053e-02,-1.379135336804301198e-02,2.708841926142211420e-01,-2.917938841121140991e-01,2.583131364366037519e-01,8.198051094242723991e-02
2.167522203552379456e-01,2.081971623808262783e-01,-1.839747553788751051e-03,-4.181179931727652122e-02,4.831754530742441572e-02,-4.943800597356984294e-02,-2.433259447635591904e-02,2.700663856495845727e-01,-2.504143338449849598e-01,2.775999182183143121e-01,6.451217516886932624e-02
2.174465554885581520e-01,2.114954822798063017e-01,-2.507282492652342966e-03,-4.305749977201995399e-02,4.851698523559844906e-02,-5.101025572253739537e-02,-2.684669362232405126e-02,2.678444394353586278e-01,-2.505538988024900160e-01,2.785907704275350505e-01,6.462604176160399727e-02
2.166213687529192911e-01,2.097568508429743794e-01,-5.379089574149408665e-04,-4.152311863804769576e-02,5.123631437395805704e-02,-4.991030581985901604e-02,-2.539781841003915797e-02,2.684543430595272562e-01,-2.521690960422930394e-01,2.780309194347858059e-01,6.588906411846383315e-02
2.224218171997858762e-01,2.199769062281395626e-01,-1.662403797928386009e-02,-4.967163209336228347e-02,3.866581276226372516e-02,-5.431277413918664948e-02,-2.838955472484982340e-02,2.657663426006330876e-01,-2.350754044807415455e-01,2.858618676520757740e-01,5.480142634403337154e-02
2.235465403484036551e-01,2.209332753169247765e-01,-1.487640197501186035e-02,-5.048442672021798139e-02,4.134774499870173814e-02,-5.318304437489232428e-02,-3.121401511095235268e-02,2.646811557970528694e-01,-2.377130447482782294e-01,2.865563091837735055e-01,5.573927564605296592e-02
2.024960231082189033e-01,1.838955532325685094e-01,9.487845840618533075e-03,-2.907209275928964581e-02,6.388582314967315712e-02,-4.790350377220033845e-02,-1.159014813181885768e-02,2.941546361611548366e-01,-2.398720278181666887e-01,2.424570847078336699e-01,7.509021082048453199e-02
2.134830540322099346e-01,2.003820376716579088e-01,8.481843383425113903e-03,-3.518953782556302062e-02,6.383561180941138558e-02,-4.346133515246709128e-02,-2.013493491650016759e-02,2.736252246150149281e-01,-2.692504642930578784e-01,2.647670302102172468e-01,7.484162969293003953e-02
2.217092765977895508e-01,2.221601017653034860e-01,-1.788212894261191274e-02,-4.614406489686614238e-02,4.039168458412319140e-02,-5.643952547500784983e-02,-3.084743659934569698e-02,2.653802055864558085e-01,-2.356251064682124974e-01,2.843984731027716095e-01,5.690254835178708281e-02
2.102413450859195176e-01,1.838280839424524249e-01,2.180865222809977300e-02,-3.932066094905619508e-02,7.250740820057061109e-02,-3.658656985440136150e-02,-6.672990709126972592e-03,2.723852760814359231e-01,-3.046978440865140136e-01,2.510230835067928101e-01,8.820877733474415117e-02
2.113705833773841525e-01,1.855224508057914667e-01,2.419819179621917477e-02,-3.993196112894527999e-02,7.628696040283829138e-02,-3.573174135714075883e-02,-7.304594933100191922e-03,2.692946221039304588e-01,-3.107953276387832031e-01,2.509561309453469113e-01,8.963769647810318486e-02
2.105922592296700091e-01,1.870302198577245001e-01,2.198359754220770637e-02,-3.763076915121486149e-02,7.717654427574312248e-02,-3.848749355219165114e-02,-9.802136156228123676e-03,2.710098339967863534e-01,-3.037326647197972074e-01,2.518159293266896692e-01,8.927044213943433060e-02
2.113654475488593310e-01,1.981690953362921226e-01,1.812307358156003620e-02,-3.446552397589461303e-02,6.726510356715514893e-02,-3.915829900734258545e-02,-1.170762727774518966e-02,2.716134111976032384e-01,-2.918519334096711382e-01,2.563389910650011316e-01,8.823968403897768098e-02
2.113427282890397718e-01,2.003617817255834432e-01,1.637545124017752984e-02,-3.317409140534603729e-02,7.065535364376121508e-02,-4.086909916485168687e-02,-1.445178090496247215e-02,2.715440258869266654e-01,-2.866545561763466643e-01,2.576823746588082220e-01,8.640405846091991915e-02
2.105606789546433655e-01,1.936038586252346594e-01,2.007479048402587007e-02,-3.636338794928177520e-02,7.354338397946159900e-02,-3.756144864821403528e-02,-1.220693424499669569e-02,2.728041935049372313e-01,-2.950212240394338159e-01,2.545994440679801851e-01,8.816831673749823961e-02
2.086733322490427478e-01,1.941065168296242371e-01,1.569131939556514532e-02,-3.378514454274034184e-02,7.021092700503253625e-02,-4.187026322653093768e-02,-1.083985710185003497e-02,2.723731465465211721e-01,-2.878914694485332770e-01,2.562089235496919915e-01,8.585192388338866443e-02
2.088913815412413721e-01,1.953365944413655020e-01,1.500756225009379496e-02,-3.526467414333180755e-02,7.096022528055501155e-02,-4.336407392345979078e-02,-1.286869640400621281e-02,2.711395372650317603e-01,-2.885063068424628119e-01,2.573399479524634548e-01,8.474292160472736424e-02
2.905919172837324593e-01,3.208520594833966788e-01,-9.036766955878780538e-02,-1.152914107864633220e-01,-8.399784485997095762e-02,-1.112052639267297749e-01,-6.208205782178743970e-02,1.610974991405225987e-01,-2.948069691829868777e-02,4.249386028064772169e-01,1.807496130539457818e-02
2.552624157606774857e-01,2.444365826217207160e-01,-1.037059838054594368e-01,-9.321717569919564517e-02,-5.935359494892162441e-02,-7.005451275727497817e-02,-4.845535440404828698e-02,2.200190837795956145e-01,-9.378380947415893010e-02,3.889417463487138127e-01,4.508628728149970122e-02
2.571062807785762239e-01,2.466038792188410267e-01,-1.049458403209416052e-01,-9.481612861628700706e-02,-6.045657926579189184e-02,-6.989455143443984442e-02,-4.829372398665455340e-02,2.181389260171341937e-01,-9.368451953295268975e-02,3.905320291035001001e-01,4.354622664927294828e-02
2.648143568641022627e-01,2.484560504747095888e-01,-1.084084648103414289e-01,-1.020638130691237239e-01,-6.299795007220167220e-02,-6.323243025184864530e-02,-4.620448198684157931e-02,2.136430271253588198e-01,-1.008878417396342764e-01,3.967611977193967188e-01,4.322299413100304244e-02
2.578576697324763689e-01,2.440804216784333847e-01,-1.156674969454965507e-01,-1.007954377785306166e-01,-6.947560363245561255e-02,-7.116279053855617542e-02,-4.597521424201186924e-02,2.142990277690319800e-01,-7.785397756593852303e-02,3.974449107284470095e-01,4.288092106782441515e-02
2.028779463331580324e-01,2.514360356079528014e-01,-7.735097125306297783e-02,-4.502297566506305304e-02,8.271969828699722235e-03,-1.202507752270070424e-01,-5.360015704643684986e-02,2.678094332309647330e-01,-1.412864699570234306e-01,2.665718180732784548e-01,4.892751721645177514e-03
1.974463657324923294e-01,2.783219776587786964e-01,-1.349701589310620120e-01,-5.562121055333398706e-02,-3.960148717838431892e-02,-1.589722220245350648e-01,-8.399157439824313232e-02,2.576908755707347787e-01,-5.523236275789435157e-02,2.767693705894670453e-01,-4.353572107719881623e-02
1.964990643727254072e-01,2.864124682621833062e-01,-1.345153158886569222e-01,-5.436581267036663667e-02,-3.861450492856152716e-02,-1.662304599335974464e-01,-8.429402040134573171e-02,2.520201227873123950e-01,-5.723764978085037203e-02,2.771859863081254094e-01,-4.180914652479413018e-02
2.063002609437673274e-01,2.576186940187887853e-01,-8.473883361216280607e-02,-4.855120921496473840e-02,1.628876679293614869e-03,-1.268731237567311820e-01,-5.497422726751473310e-02,2.626190592848348104e-01,-1.343916259858258244e-01,2.702561203837804960e-01,-1.719476180076581415e-03
2.029066987701295954e-01,2.583716264154851672e-01,-8.863796575819699042e-02,-4.929247901295479017e-02,-1.535410030442210458e-03,-1.337053449145627626e-01,-5.777847608210970320e-02,2.601537811984691584e-01,-1.282271594197113562e-01,2.715633413194790680e-01,-5.882753630847743949e-03
1.934432149253823008e-01,3.421691843676453737e-01,-1.957657476395422702e-01,-6.546511968002220738e-02,-9.212826100913044935e-02,-1.990359445986276399e-01,-1.258104769530467570e-01,2.255042870896427631e-01,5.206971832451963433e-02,2.912303157110645024e-01,-1.133835069740947998e-01
2.015159494754967806e-01,3.415827433054497986e-01,-1.977555345987727642e-01,-6.521447014451042801e-02,-8.825655013649146008e-02,-1.869238253379985892e-01,-1.260837800234450023e-01,2.302351091977908604e-01,5.314079633337713549e-02,2.905189887306443564e-01,-1.170316976792005886e-01
2.006850243924774568e-01,3.403821663690492771e-01,-1.958396434272670628e-01,-6.387700517274637335e-02,-8.686178695638037406e-02,-1.870128185442867241e-01,-1.247011056398794754e-01,2.321009412158546725e-01,5.183733415420748586e-02,2.879264664880382130e-01,-1.143131463121251495e-01
1.830293875703263018e-01,8.222112060462355432e-02,1.340506836753176667e-01,-8.505608911330696242e-03,1.634370837528829334e-01,4.603451852041506864e-02,6.273208087816307954e-02,2.671049691592392028e-01,-4.304378715335865913e-01,2.006539141004164972e-01,1.669396323629266377e-01
1.984298085227465536e-01,2.807119628264672651e-01,-1.243911352845174928e-01,-5.659287852252817969e-02,-4.082017251508778671e-02,-1.533691105069273086e-01,-8.194475192712516454e-02,2.544432234177689822e-01,-6.774165992001371372e-02,2.795532742912326674e-01,-3.216584764225508680e-02
2.060281222889388808e-01,2.989949423196311962e-01,-1.294135591697950782e-01,-5.912138334621935831e-02,-4.042060743171623644e-02,-1.552016169814618429e-01,-8.345867135126379399e-02,2.485190088437979616e-01,-6.418261232121327819e-02,2.839626267557644468e-01,-3.669910906887869501e-02
2.036721304325590509e-01,2.978701143541738761e-01,-1.296857236435068339e-01,-5.739614335253150068e-02,-3.961260311127194622e-02,-1.578690925066201234e-01,-8.515321270758971495e-02,2.494767398542945824e-01,-5.809420601475671908e-02,2.831909393542397235e-01,-3.785819699613630906e-02
2.483495991973778683e-01,2.347084034524589691e-01,-1.016412728629684792e-01,-9.292816629796531169e-02,-5.911758100475698885e-02,-7.130418723667326930e-02,-4.147439957905288410e-02,2.254556258937270019e-01,-1.044732337273780592e-01,3.775659826864417035e-01,5.419483468922231539e-02
2.443837821857303694e-01,2.362315335156549567e-01,-1.044519605301427179e-01,-9.090995069465447609e-02,-5.922030549230331009e-02,-7.783672156124887831e-02,-4.390425608070301633e-02,2.255392226191890448e-01,-9.685716407905187175e-02,3.757363823419233029e-01,5.059482020215454179e-02
1.831369750455554279e-01,8.171179617114279758e-02,1.529159593173896048e-01,-1.574252639867507186e-02,1.480778548682645801e-01,5.470777684801429036e-02,5.483372136850858669e-02,2.679982702496663816e-01,-4.323189024273296210e-01,2.022041707144408840e-01,1.824243057887382780e-01
1.831415828312873417e-01,8.189610363054358744e-02,1.534926657995423216e-01,-1.616579571777344501e-02,1.475274269397121307e-01,5.457044676406912903e-02,5.356269225947207779e-02,2.679525998124339115e-01,-4.329580926650453132e-01,2.020652429753196089e-01,1.825535669623431223e-01
1.978274578032679365e-01,1.056606147809482088e-01,1.201570377519613209e-01,-2.497895835163385994e-02,1.218269160348129793e-01,3.942174476669976085e-02,4.202449822860881978e-02,2.677056135551164617e-01,-3.974248115774161594e-01,2.307702204543875812e-01,1.716610299816218044e-01
2.045802297457652574e-01,1.176470102404661155e-01,1.050679918982239391e-01,-3.002034457635377809e-02,1.085784121236796351e-01,3.159731455669804318e-02,3.670355091745978321e-02,2.654059304865867830e-01,-3.813436382902787303e-01,2.442280337902337783e-01,1.669467331431598589e-01
2.098868371752941053e-01,1.274301688864542814e-01,8.870819568118640253e-02,-3.424895854087336988e-02,9.664738611505405141e-02,2.392514845309597071e-02,3.132288522289165822e-02,2.652640320232979576e-01,-3.609008230160717923e-01,2.563644119620910322e-01,1.596096554919948507e-01
2.101142189255999493e-01,1.271894888253380651e-01,8.995068940102560195e-02,-3.441341363081130977e-02,9.743122503670224865e-02,2.474465837080905631e-02,3.085522213692777627e-02,2.653658113178613553e-01,-3.625795078759452839e-01,2.558016175693252348e-01,1.586468946731972030e-01
2.143694840936894996e-01,1.359246958713382081e-01,7.682827488025532892e-02,-3.823302296698571218e-02,8.767673304878634277e-02,1.813469648392423972e-02,2.617227855093505820e-02,2.642598696557243443e-01,-3.459638795587250404e-01,2.669624391208009206e-01,1.522376354147009225e-01
2.206548207609966283e-01,1.584855887394169272e-01,4.164586487432212630e-02,-4.457682886150532431e-02,6.493819502002642907e-02,-3.707161962278763233e-03,1.244304030692312824e-02,2.642623496962407947e-01,-3.062109397750006901e-01,2.812592371237380151e-01,1.312028256829186890e-01
2.207324664786856350e-01,1.574059558604313791e-01,4.449715854812986288e-02,-4.374902079824503909e-02,6.736765822041961005e-02,-2.286398347765484628e-03,1.338224086521678374e-02,2.641536110044812591e-01,-3.096773733252161098e-01,2.801647425626803134e-01,1.326402002598954799e-01
1.999897453827487737e-01,1.423264027666820142e-01,8.435131922348966527e-02,-2.395785750414141518e-02,1.071728867350428965e-01,4.232839104513219652e-03,2.149000080407624177e-02,2.783873597304397096e-01,-3.550651547341345804e-01,2.294492185648649152e-01,1.357218195573821062e-01
1.999296376434810674e-01,1.418647486770641952e-01,8.583193850956391535e-02,-2.404273850014115518e-02,1.081912105953603820e-01,5.375551839674169718e-03,2.303249704530925535e-02,2.775796069361090024e-01,-3.580616595964087878e-01,2.286289018237873116e-01,1.367384762823705413e-01
2.005602931392286015e-01,1.424243595832678788e-01,8.561219881389747766e-02,-2.474163575446445412e-02,1.073289222767769696e-01,5.275870639170522278e-03,2.162839722583737370e-02,2.776705716394983203e-01,-3.581571671955328107e-01,2.287122672405099144e-01,1.361358191928028205e-01
2.028969391837283087e-01,1.430829744170737106e-01,6.204866318286275662e-02,-2.977584840389859572e-02,8.730052794867211585e-02,-7.094886724123720956e-03,2.405047934303748691e-02,2.991862451624230368e-01,-2.789089390467925367e-01,2.320174988362958823e-01,1.218696948463366958e-01
2.071663689318461732e-01,1.528136809653640182e-01,6.846959924904320871e-02,-3.161935456702077984e-02,9.144986490215846475e-02,-2.691582287530888077e-03,1.554472587205216541e-02,2.731171205287610260e-01,-3.399796409032258548e-01,2.452524109384103812e-01,1.318698823299057077e-01
2.118181093479891974e-01,1.644302040824126843e-01,4.789579175889184526e-02,-3.787492688194727536e-02,7.457860642616269409e-02,-1.337858042570981738e-02,9.974180597953173980e-03,2.703613186825398751e-01,-3.124584697435537906e-01,2.629112298945301962e-01,1.236646395353320771e-01
2.115346680580550975e-01,1.621605567639731182e-01,5.045274119611382196e-02,-3.676372861905820993e-02,7.631776755482927443e-02,-1.120984860931695248e-02,1.014814112557515385e-02,2.711619359664736439e-01,-3.153726726246258161e-01,2.614672137389746909e-01,1.246192122479123643e-01
2.169663188353100347e-01,1.665274837536353802e-01,3.956314764220237451e-02,-4.408366755033490958e-02,6.323066518435375982e-02,-1.261149939193887543e-02,1.035428433414718914e-02,2.683220082895999004e-01,-3.059572059857976756e-01,2.706947873956520034e-01,1.237970619921217735e-01
2.178963140138117094e-01,1.724347336228449767e-01,3.679804374469831246e-02,-4.309171567361042010e-02,6.342514348226752086e-02,-1.625871200706251879e-02,5.682277848718190680e-03,2.672212421558026185e-01,-3.000923803078273666e-01,2.740490089890214587e-01,1.212987373827577736e-01
2.240582214624179114e-01,1.775158918386808282e-01,1.550318712564000868e-02,-5.049537863813011868e-02,4.308183115461656360e-02,-2.118928827404325047e-02,2.481098184113128546e-03,2.619530396811732276e-01,-2.755782954489144343e-01,2.889306457415312668e-01,1.236979959884416114e-01
2.248789654284835127e-01,1.814468176065004990e-01,1.246417885623560262e-02,-5.124378338037176295e-02,4.120390565564357316e-02,-2.347183899341786367e-02,-3.890909883555518367e-04,2.613587597246115335e-01,-2.712129798524093860e-01,2.912428509441221114e-01,1.209206504385111347e-01
2.244284283989472217e-01,1.803655636486532488e-01,1.248771107181033749e-02,-5.140122784562466823e-02,4.172062952886645970e-02,-2.343426139821425461e-02,4.707093840625262843e-05,2.609950264681084597e-01,-2.724549171310050588e-01,2.909353181953913681e-01,1.204109186855657071e-01
2.233659253246976784e-01,1.827978217559887431e-01,1.386705934185432365e-02,-5.062699772473899101e-02,4.378127135594142572e-02,-2.641315368924640472e-02,-8.368789566237954704e-04,2.625425714372180974e-01,-2.699168344388183649e-01,2.926779016393862287e-01,1.110084588288479251e-01
2.229537704162637968e-01,1.812239786261935215e-01,1.603679474400321672e-02,-5.005536533077005468e-02,4.595000872411636461e-02,-2.503560017026421405e-02,-1.191155998120018225e-03,2.626192208042744114e-01,-2.733974858474495506e-01,2.913609614969457917e-01,1.121427715773086614e-01
2.227813607294397702e-01,1.806308104008730597e-01,1.721977739202964694e-02,-4.974567673737849416e-02,4.659042653498039754e-02,-2.440601946383601575e-02,1.948129397053671892e-03,2.615405014508060955e-01,-2.751284683444472079e-01,2.918656162525239406e-01,1.139442925229697534e-01
2.065503892045066348e-01,1.849413615809778200e-01,3.029016481727025284e-02,-3.334256841031521534e-02,7.101711861650839008e-02,-3.630429592124287397e-02,-3.725544699443566338e-03,2.775137666825322480e-01,-2.940376826129059706e-01,2.459630918075281780e-01,9.847572958969112722e-02
2.069997288368171928e-01,1.844175259502603970e-01,3.272554740308106225e-02,-3.380435717890739600e-02,7.247826193526760163e-02,-3.502420644972133179e-02,-2.813353310736052548e-03,2.761405445874108855e-01,-2.988848644876338501e-01,2.457905828029024187e-01,9.967463397152359628e-02
2.097397260991581969e-01,1.898620439633044443e-01,1.465702771708252833e-02,-4.263639452114110356e-02,5.401745324332202225e-02,-4.425968313335190696e-02,-3.116702367909411110e-03,2.719151114637781697e-01,-2.730102729228883751e-01,2.647507545501966431e-01,9.134116751011597812e-02
2.170873254470093716e-01,1.980710690027120136e-01,3.189528092185826315e-03,-4.627306455104269328e-02,4.438715616882019099e-02,-4.585630293094979104e-02,-8.572392498167456798e-03,2.669970279655551337e-01,-2.576234776893573941e-01,2.783453189763714364e-01,9.088824904060774368e-02
2.166675437398940529e-01,1.983922179083684734e-01,4.022538856554886896e-03,-4.635158953502244855e-02,4.490206112933069899e-02,-4.584433047743545486e-02,-9.040615642903726892e-03,2.664089521875391275e-01,-2.594953492091582881e-01,2.782627007961717136e-01,9.183083837842991037e-02
2.172879864638256886e-01,2.005423313838351485e-01,3.197458639586749259e-03,-4.704038268847470644e-02,4.252165409728031475e-02,-4.661769529239066789e-02,-1.063422002413422565e-02,2.663461413374013653e-01,-2.567884695735783152e-01,2.789038906139628127e-01,9.189752206551297931e-02
2.213813502041335479e-01,2.066911680669303031e-01,-4.591872675675279930e-03,-5.139233444705598730e-02,3.248321423339829706e-02,-4.874636591951696934e-02,-1.393269307415363756e-02,2.625417667079494866e-01,-2.467849298130612434e-01,2.892135711288920663e-01,9.218859689149383474e-02
2.203046554039117810e-01,2.020677827265293658e-01,-5.922822250928458029e-03,-5.149981237959774111e-02,3.064941667757430793e-02,-4.717167399910732195e-02,-1.366828786031756143e-02,2.665125628704524408e-01,-2.439469599039930381e-01,2.874263248802791937e-01,9.049977518926666242e-02
2.270220183936087488e-01,2.104027939642600931e-01,-2.314293736720510197e-02,-5.736854714384011233e-02,1.830236925576810697e-02,-5.293092390057944213e-02,-1.832233427266463655e-02,2.574444050208962165e-01,-2.233484155698109985e-01,3.048338748526184250e-01,8.785874394747560101e-02
2.266765736979181045e-01,2.097150297601783342e-01,-2.295113954247119184e-02,-5.717143981028540572e-02,1.855961156402373413e-02,-5.296611608920286790e-02,-1.812923640354481905e-02,2.576635742921208894e-01,-2.240764236305636536e-01,3.038513163098425229e-01,8.795206778089713351e-02
1.870592977340927998e-01,2.055416787674100298e-01,-3.702822329138633073e-02,-3.714653222555971968e-02,2.168295694084646646e-02,-1.016453240733380670e-01,-3.120290898303181015e-02,2.918174419142061105e-01,-1.639151348409193243e-01,2.404202452437373405e-01,3.619886216349160746e-02
2.084579842433595953e-01,2.414583740936499245e-01,-3.848264035022152391e-02,-4.390442577802452367e-02,2.302301509234355031e-02,-9.450236156967761758e-02,-3.646469776654737149e-02,2.689953372138712551e-01,-2.009464991173659787e-01,2.644097946293059720e-01,4.381809807935147655e-02
2.079481342416724665e-01,2.430237719011182351e-01,-3.905811409054789352e-02,-4.417194894235412089e-02,2.185004054630875631e-02,-9.542634402396614479e-02,-3.681153219264749615e-02,2.681643034904399592e-01,-2.002345908643602956e-01,2.652912731944059299e-01,4.384977681328079691e-02
2.219089955439828010e-01,2.485605463041043461e-01,-4.417605329961139804e-02,-5.525829619163562245e-02,6.259530892229806659e-03,-8.087557243415738339e-02,-3.213394524599989116e-02,2.607059056671439112e-01,-2.027371226120706360e-01,2.834675249962171351e-01,5.505663769249121570e-02
2.212679749968045895e-01,2.475117067512816460e-01,-4.229105973152564452e-02,-5.428917701108815913e-02,8.210159978820019688e-03,-8.027646675174682223e-02,-3.192509113903866519e-02,2.609156144005704281e-01,-2.036673772929289694e-01,2.822667127577764834e-01,5.552472064982138383e-02
2.199667653838639492e-01,2.487030273333084018e-01,-4.449085801413956570e-02,-5.401050311370712842e-02,7.004418152956101012e-03,-8.355178220629935759e-02,-3.272718365053418899e-02,2.605751503977085104e-01,-2.005977293056205868e-01,2.824505579120866749e-01,5.451349958175906452e-02
2.225777340637417889e-01,2.466542552649185760e-01,-4.865253766744578878e-02,-5.821799828925978276e-02,3.375022394976230633e-04,-8.343315748433172141e-02,-3.267573096931251919e-02,2.548803902502545515e-01,-1.916800208920170501e-01,2.963203918853364871e-01,5.947347705169014898e-02
2.220681805206023984e-01,2.475376273825438400e-01,-4.892773852402813872e-02,-5.802152288649247563e-02,3.161871006478553930e-04,-8.475038008397761669e-02,-3.299345141960739053e-02,2.546179223552761384e-01,-1.906345981503171361e-01,2.964073583250802502e-01,5.853737419508540235e-02
2.210279371548423966e-01,2.483452827998153811e-01,-5.295045067108306025e-02,-5.895811877120186312e-02,-2.717105122509791415e-03,-8.850906698677078743e-02,-3.471559505026043657e-02,2.536373448481751836e-01,-1.847010243580620992e-01,2.976996021376560608e-01,5.534970400126876244e-02
2.256703970841338336e-01,2.515779800495823171e-01,-5.263182148528873505e-02,-6.320263066733353141e-02,-8.555110814665756180e-03,-8.436301749849853260e-02,-3.196567636206419649e-02,2.501319331098772469e-01,-1.857006770144444263e-01,3.045667555301644902e-01,6.338822560156448516e-02
2.249928286606991679e-01,2.508805454361791032e-01,-5.121469268387086882e-02,-6.285582983613681451e-02,-7.666053771220491045e-03,-8.445644475075342328e-02,-3.194562593767625441e-02,2.494356993472480466e-01,-1.874816664073905015e-01,3.047063710820588911e-01,6.452917071292543771e-02
2.269834182546440760e-01,2.459787574323305248e-01,-5.511953440745964022e-02,-6.436884912755523602e-02,-1.143544410308488732e-02,-8.026874713460548094e-02,-3.105088027564711223e-02,2.497921145918547692e-01,-1.850718967272799165e-01,3.076202074864020086e-01,7.062985991981135525e-02
2.273653571648341365e-01,2.458104911184735841e-01,-5.430348386976766029e-02,-6.453036622322390337e-02,-1.121146261585101618e-02,-8.010105607849142551e-02,-3.121965586702958595e-02,2.494296359091505155e-01,-1.861999704948676115e-01,3.086813279690662770e-01,7.142776418845853126e-02
2.277061702721359104e-01,2.476485351587210393e-01,-5.548909729299037613e-02,-6.496423908044046680e-02,-1.180097939423761094e-02,-8.078316093215681670e-02,-3.300958454457307567e-02,2.485074569396418243e-01,-1.837138228225879966e-01,3.095943349895071139e-01,6.758836551396389669e-02
2.297220491607582238e-01,2.477288673245358619e-01,-5.986939638999682484e-02,-6.834562815443814832e-02,-1.845384577212134947e-02,-8.014295296400114621e-02,-3.249940198436436500e-02,2.466917564822634912e-01,-1.726741734709489051e-01,3.188461798955969373e-01,6.610170357052130852e-02
2.203430401391949789e-01,3.124258658749674011e-01,-1.179284226110858397e-01,-6.705194838704948979e-02,-4.980659955660579619e-02,-1.322002131867072439e-01,-6.674660114610735107e-02,2.372585486765561025e-01,-9.119634654941052854e-02,3.076499421903099440e-01,-2.416736307394919472e-03
2.207100264990697613e-01,3.127026745798515694e-01,-1.196704956944031895e-01,-6.728599852116007307e-02,-5.019152699805726897e-02,-1.337546525038337819e-01,-6.670190021802653579e-02,2.378635172027885880e-01,-8.829810514541325261e-02,3.069314930080566661e-01,-5.569313410250047690e-03
2.242124782893679946e-01,2.962387661762405644e-01,-1.150935225787245719e-01,-7.104727553128216411e-02,-4.965852331671926495e-02,-1.252352291983445942e-01,-6.014350737013766240e-02,2.390891317102099844e-01,-9.694527704310720861e-02,3.132405707934103889e-01,5.156949181000672865e-03
2.240550174388029614e-01,2.863379708785266931e-01,-1.126986503658989613e-01,-7.244303925632637753e-02,-5.108585633404825327e-02,-1.208489183610613610e-01,-5.860975561348465840e-02,2.392722049539219020e-01,-9.676154644807256899e-02,3.192242750047056821e-01,1.321778931186874673e-02
2.272864980312014338e-01,2.931955279344365950e-01,-1.118328623899675217e-01,-7.302849573358109747e-02,-5.029630931446013586e-02,-1.205664719588754319e-01,-5.887579822220723874e-02,2.344314138055356989e-01,-1.004811932602391461e-01,3.228400114525599718e-01,1.290174073111526737e-02
2.235618193782081542e-01,2.717092433691382647e-01,-1.103985805570929235e-01,-7.334281658918653801e-02,-5.156701026092792156e-02,-1.149678923695603983e-01,-5.722484353937992013e-02,2.420249339429541569e-01,-9.402304805557495926e-02,3.245631179881129369e-01,1.943051853581861943e-02
2.245724639588080607e-01,2.794490675864059193e-01,-1.143157773702094260e-01,-7.515352483840824493e-02,-5.247438302998386900e-02,-1.218453847030292747e-01,-5.873107756916406963e-02,2.357224974950336005e-01,-9.232213298942523738e-02,3.270090864089818528e-01,1.564895343275832587e-02
2.301864256710845769e-01,2.796893154744558574e-01,-1.141610931333350565e-01,-7.972275973324423337e-02,-5.705495834417739082e-02,-1.134718851235189674e-01,-5.619187813836716561e-02,2.305521154304880360e-01,-8.966442676248767563e-02,3.400110562664627745e-01,1.937445182057027232e-02
